{"cameraMode":{"drawMode":0,"name":"Shaded","section":"Shading Mode"},"sceneLighting":true,"audioPlay":false,"sceneViewState":{"showFog":true,"showMaterialUpdate":false,"showSkybox":true,"showFlares":true,"showImageEffects":true,"showParticleSystems":true},"in2DMode":false,"pivot":{"x":-1.8901803493499756,"y":-1.2047266960144044,"z":0.9475252628326416},"rotation":{"x":-0.2581346929073334,"y":0.20444701611995698,"z":-0.05599099397659302,"w":-0.9425672292709351},"size":10.0,"orthographic":false}